k7wcnx href,UCc1lI src,fU6cHR,RG5Slk,MKiFS6,PZfbSE src,PvbNMB,o2SIOJ,PvbNMB 2,DTBslk,DTBslk 2,DTBslk 3,DTBslk 4,DTBslk 5,DTBslk 6,hZ3P6w,kRYCnD,HQe8jr,qYp2rh src,HZ0E6r,HZ0E6r 2,HZ0E6r 3,HZ0E6r 4
https://www.flipkart.com/google-pixel-9a-porcelain-256-gb/p/itmfe749ceddac9a?pid=MOBH9YME35EYPV4K&lid=LSTMOBH9YME35EYPV4K5K7UZW&marketplace=FLIPKART&q=best+5g+phones&store=tyy%2F4io&srno=s_1_1&otracker=search&otracker1=search&fm=organic&iid=en_fgcalhnaEB5Z4sWGV34_DtvVmTKp-HrygU0kBe_9fqhxLv0hKyrb_yQ3EaKistynx2AXanuc6v00d3Br0PotTfUFjCTyOHoHZs-Z5_PS_w0%3D&ppt=None&ppn=None&ssid=suzf9hwef40000001773138932529&qH=3373d2d8c3ac1c96&ov_redirect=true,https://rukminim2.flixcart.com/image/312/312/xif0q/mobile/0/q/f/-original-imahadxg8mgjzrfh.jpeg?q=70,Add to Compare,"Google Pixel 9A (Porcelain, 256 GB)",4.5,"data:image/svg+xml;base64,PHN2ZyB4bWxucz0iaHR0cDovL3d3dy53My5vcmcvMjAwMC9zdmciIHdpZHRoPSIxMyIgaGVpZ2h0PSIxMiI+PHBhdGggZmlsbD0iI0ZGRiIgZD0iTTYuNSA5LjQzOWwtMy42NzQgMi4yMy45NC00LjI2LTMuMjEtMi44ODMgNC4yNTQtLjQwNEw2LjUuMTEybDEuNjkgNC4wMSA0LjI1NC40MDQtMy4yMSAyLjg4Mi45NCA0LjI2eiIvPjwvc3ZnPg==","8,289 Ratings",&,548 Reviews,8 GB RAM | 256 GB ROM,15.96 cm (6.285 inch) Full HD+ Display,48MP + 12MP | 12MP Front Camera,5100 mAh Battery,Tensor G4 Processor,1 Year Domestic Warranty,"₹39,999","₹49,999",20% off,https://static-assets-web.flixcart.com/fk-p-linchpin-web/fk-cp-zion/img/fa_9e47c1.png,Upto,"₹32,900",Off on Exchange,Bank Offer
https://www.flipkart.com/google-pixel-9a-obsidian-256-gb/p/itmf9d1fcfa566cf?pid=MOBH9YMEQUGCHPHN&lid=LSTMOBH9YMEQUGCHPHNSFHZNA&marketplace=FLIPKART&q=best+5g+phones&store=tyy%2F4io&srno=s_1_2&otracker=search&otracker1=search&fm=organic&iid=en_fgcalhnaEB5Z4sWGV34_DtvVmTKp-HrygU0kBe_9fqjzXRPz0QFYN9RrD0UTQBlBFzIkFb4hCjpVosHBN4ivF_UFjCTyOHoHZs-Z5_PS_w0%3D&ppt=None&ppn=None&ssid=suzf9hwef40000001773138932529&qH=3373d2d8c3ac1c96&ov_redirect=true,https://rukminim2.flixcart.com/image/312/312/xif0q/mobile/x/b/u/-original-imahadxg2fazkzub.jpeg?q=70,Add to Compare,"Google Pixel 9A (Obsidian, 256 GB)",4.5,"data:image/svg+xml;base64,PHN2ZyB4bWxucz0iaHR0cDovL3d3dy53My5vcmcvMjAwMC9zdmciIHdpZHRoPSIxMyIgaGVpZ2h0PSIxMiI+PHBhdGggZmlsbD0iI0ZGRiIgZD0iTTYuNSA5LjQzOWwtMy42NzQgMi4yMy45NC00LjI2LTMuMjEtMi44ODMgNC4yNTQtLjQwNEw2LjUuMTEybDEuNjkgNC4wMSA0LjI1NC40MDQtMy4yMSAyLjg4Mi45NCA0LjI2eiIvPjwvc3ZnPg==","8,289 Ratings",&,548 Reviews,8 GB RAM | 256 GB ROM,15.96 cm (6.285 inch) Full HD+ Display,48MP + 12MP | 12MP Front Camera,5100 mAh Battery,Tensor G4 Processor,1 Year Domestic Warranty,"₹39,999","₹49,999",20% off,https://static-assets-web.flixcart.com/fk-p-linchpin-web/fk-cp-zion/img/fa_9e47c1.png,Upto,"₹32,900",Off on Exchange,Bank Offer
https://www.flipkart.com/oppo-k13-5g-7000mah-80w-supervooc-charger-in-the-box-icy-purple-256-gb/p/itm6f2ebf6d205cf?pid=MOBHB392HWDHA8HH&lid=LSTMOBHB392HWDHA8HHQOBNQP&marketplace=FLIPKART&q=best+5g+phones&store=tyy%2F4io&srno=s_1_3&otracker=search&otracker1=search&fm=organic&iid=fce5abf0-8010-4945-8c27-409bc7dae3ab.MOBHB392HWDHA8HH.SEARCH&ppt=None&ppn=None&ssid=suzf9hwef40000001773138932529&qH=3373d2d8c3ac1c96&ov_redirect=true,https://rukminim2.flixcart.com/image/312/312/xif0q/mobile/f/k/e/-original-imahbfd4zqn9zazz.jpeg?q=70,Add to Compare,"OPPO K13 5G with 7000mAh and 80W SUPERVOOC Charger In-The-Box (Icy Purple, 256 GB)",4.5,"data:image/svg+xml;base64,PHN2ZyB4bWxucz0iaHR0cDovL3d3dy53My5vcmcvMjAwMC9zdmciIHdpZHRoPSIxMyIgaGVpZ2h0PSIxMiI+PHBhdGggZmlsbD0iI0ZGRiIgZD0iTTYuNSA5LjQzOWwtMy42NzQgMi4yMy45NC00LjI2LTMuMjEtMi44ODMgNC4yNTQtLjQwNEw2LjUuMTEybDEuNjkgNC4wMSA0LjI1NC40MDQtMy4yMSAyLjg4Mi45NCA0LjI2eiIvPjwvc3ZnPg==","83,766 Ratings",&,"4,878 Reviews",8 GB RAM | 256 GB ROM,16.94 cm (6.67 inch) Display,50MP + 2MP | 16MP Front Camera,7000 mAh Battery,Snapdragon 6 Gen 4 Processor,80W SUPERVOOC Charger,"₹20,999","₹24,999",16% off,https://static-assets-web.flixcart.com/fk-p-linchpin-web/fk-cp-zion/img/fa_9e47c1.png,Super Deals,Upto,"₹16,400",Off on Exchange
https://www.flipkart.com/samsung-galaxy-s24-5g-snapdragon-onyx-black-128-gb/p/itm3469a7107606f?pid=MOBHDVFKSSHPUYHB&lid=LSTMOBHDVFKSSHPUYHBXUF3VR&marketplace=FLIPKART&q=best+5g+phones&store=tyy%2F4io&srno=s_1_4&otracker=search&otracker1=search&fm=organic&iid=fce5abf0-8010-4945-8c27-409bc7dae3ab.MOBHDVFKSSHPUYHB.SEARCH&ppt=None&ppn=None&ssid=suzf9hwef40000001773138932529&qH=3373d2d8c3ac1c96&ov_redirect=true,https://rukminim2.flixcart.com/image/312/312/xif0q/mobile/r/8/1/-original-imahfz2tenzpsd3p.jpeg?q=70,Add to Compare,"Samsung Galaxy S24 5G Snapdragon (Onyx Black, 128 GB)",4.6,"data:image/svg+xml;base64,PHN2ZyB4bWxucz0iaHR0cDovL3d3dy53My5vcmcvMjAwMC9zdmciIHdpZHRoPSIxMyIgaGVpZ2h0PSIxMiI+PHBhdGggZmlsbD0iI0ZGRiIgZD0iTTYuNSA5LjQzOWwtMy42NzQgMi4yMy45NC00LjI2LTMuMjEtMi44ODMgNC4yNTQtLjQwNEw2LjUuMTEybDEuNjkgNC4wMSA0LjI1NC40MDQtMy4yMSAyLjg4Mi45NCA0LjI2eiIvPjwvc3ZnPg==","57,691 Ratings",&,"3,452 Reviews",8 GB RAM | 128 GB ROM,15.75 cm (6.2 inch) Full HD+ Display,50MP + 12MP | 12MP Front Camera,4000 mAh Battery,8 Gen 3 Processor,1 Year Manufacturer Warranty for Device and 6 Months for In-Box Accessories,"₹42,999","₹74,999",42% off,https://static-assets-web.flixcart.com/fk-p-linchpin-web/fk-cp-zion/img/fa_9e47c1.png,Upto,"₹35,300",Off on Exchange,Bank Offer
https://www.flipkart.com/google-pixel-9a-iris-256-gb/p/itmb2ce6b5391689?pid=MOBH9YMEHJC9NHHY&lid=LSTMOBH9YMEHJC9NHHYJIL7SI&marketplace=FLIPKART&q=best+5g+phones&store=tyy%2F4io&srno=s_1_5&otracker=search&otracker1=search&fm=organic&iid=en_fgcalhnaEB5Z4sWGV34_DtvVmTKp-HrygU0kBe_9fqhPs3_cGAYSSVHUjbjefXkZqF2Gvr-NNWhaH8M-2lOYo-vN4Mn-dv-pi277bRzMbnY%3D&ppt=None&ppn=None&ssid=suzf9hwef40000001773138932529&qH=3373d2d8c3ac1c96&ov_redirect=true,https://rukminim2.flixcart.com/image/312/312/xif0q/mobile/c/3/2/-original-imahadxgjufkypv5.jpeg?q=70,Add to Compare,"Google Pixel 9A (Iris, 256 GB)",4.5,"data:image/svg+xml;base64,PHN2ZyB4bWxucz0iaHR0cDovL3d3dy53My5vcmcvMjAwMC9zdmciIHdpZHRoPSIxMyIgaGVpZ2h0PSIxMiI+PHBhdGggZmlsbD0iI0ZGRiIgZD0iTTYuNSA5LjQzOWwtMy42NzQgMi4yMy45NC00LjI2LTMuMjEtMi44ODMgNC4yNTQtLjQwNEw2LjUuMTEybDEuNjkgNC4wMSA0LjI1NC40MDQtMy4yMSAyLjg4Mi45NCA0LjI2eiIvPjwvc3ZnPg==","8,289 Ratings",&,548 Reviews,8 GB RAM | 256 GB ROM,15.96 cm (6.285 inch) Full HD+ Display,48MP + 12MP | 12MP Front Camera,5100 mAh Battery,Tensor G4 Processor,1 Year Domestic Warranty,"₹39,999","₹49,999",20% off,https://static-assets-web.flixcart.com/fk-p-linchpin-web/fk-cp-zion/img/fa_9e47c1.png,Upto,"₹32,900",Off on Exchange,Bank Offer
https://www.flipkart.com/motorola-edge-70-fusion-pantone-country-air-256-gb/p/itm8ce1d33938a34?pid=MOBHJ7TXYTPH3QPF&lid=LSTMOBHJ7TXYTPH3QPFRJMXXQ&marketplace=FLIPKART&q=best+5g+phones&store=tyy%2F4io&srno=s_1_6&otracker=search&otracker1=search&fm=organic&iid=en_fgcalhnaEB5Z4sWGV34_DtvVmTKp-HrygU0kBe_9fqi9T9jy70gRKr4bT3DEIntqkgU_xzOCV1fURvkwUE6EoA1kFuKnWaINrJqv3pKVKuU%3D&ppt=None&ppn=None&ssid=suzf9hwef40000001773138932529&qH=3373d2d8c3ac1c96&ov_redirect=true,https://rukminim2.flixcart.com/image/312/312/xif0q/mobile/m/9/4/-original-imahh6yfjvvmjpur.jpeg?q=70,Add to Compare,"MOTOROLA Edge 70 Fusion (Pantone COUNTRY AIR, 256 GB)",4.4,"data:image/svg+xml;base64,PHN2ZyB4bWxucz0iaHR0cDovL3d3dy53My5vcmcvMjAwMC9zdmciIHdpZHRoPSIxMyIgaGVpZ2h0PSIxMiI+PHBhdGggZmlsbD0iI0ZGRiIgZD0iTTYuNSA5LjQzOWwtMy42NzQgMi4yMy45NC00LjI2LTMuMjEtMi44ODMgNC4yNTQtLjQwNEw2LjUuMTEybDEuNjkgNC4wMSA0LjI1NC40MDQtMy4yMSAyLjg4Mi45NCA0LjI2eiIvPjwvc3ZnPg==",40 Ratings,&,2 Reviews,12 GB RAM | 256 GB ROM,17.27 cm (6.8 inch) Super HD Display,50MP + 13MP | 32MP Front Camera,7000 mAh Battery,Snapdragon 7s Gen 4 Processor,1 Year on Handset and 6 Months on Accessories,"₹32,999","₹49,999",34% off,https://static-assets-web.flixcart.com/fk-p-linchpin-web/fk-cp-zion/img/fa_9e47c1.png,,,,
https://www.flipkart.com/apple-iphone-17-black-256-gb/p/itm6eb39da622cdd?pid=MOBHFN6YN2HXB5HE&lid=LSTMOBHFN6YN2HXB5HER9QXGU&marketplace=FLIPKART&q=best+5g+phones&store=tyy%2F4io&spotlightTagId=default_BestsellerId_tyy%2F4io&srno=s_1_7&otracker=search&otracker1=search&fm=organic&iid=fce5abf0-8010-4945-8c27-409bc7dae3ab.MOBHFN6YN2HXB5HE.SEARCH&ppt=None&ppn=None&ssid=suzf9hwef40000001773138932529&qH=3373d2d8c3ac1c96&ov_redirect=true,https://rukminim2.flixcart.com/image/312/312/xif0q/mobile/s/t/g/-original-imahft5gqkxzyeqa.jpeg?q=70,Add to Compare,"Apple iPhone 17 (Black, 256 GB)",4.6,"data:image/svg+xml;base64,PHN2ZyB4bWxucz0iaHR0cDovL3d3dy53My5vcmcvMjAwMC9zdmciIHdpZHRoPSIxMyIgaGVpZ2h0PSIxMiI+PHBhdGggZmlsbD0iI0ZGRiIgZD0iTTYuNSA5LjQzOWwtMy42NzQgMi4yMy45NC00LjI2LTMuMjEtMi44ODMgNC4yNTQtLjQwNEw2LjUuMTEybDEuNjkgNC4wMSA0LjI1NC40MDQtMy4yMSAyLjg4Mi45NCA0LjI2eiIvPjwvc3ZnPg==","6,431 Ratings",&,331 Reviews,256 GB ROM,16.0 cm (6.3 inch) Super Retina XDR Display,48MP + 48MP | 18MP Front Camera,"A19 Chip, 6 Core Processor Processor",Apple One (1) Year Limited Warranty,,"₹82,900",,,https://static-assets-web.flixcart.com/fk-p-linchpin-web/fk-cp-zion/img/fa_9e47c1.png,Upto,"₹51,100",Off on Exchange,Bank Offer
https://www.flipkart.com/apple-iphone-17-lavender-256-gb/p/itmf37c8dffa4165?pid=MOBHFN6YKGBPYJZD&lid=LSTMOBHFN6YKGBPYJZDEZPBYP&marketplace=FLIPKART&q=best+5g+phones&store=tyy%2F4io&srno=s_1_8&otracker=search&otracker1=search&fm=organic&iid=fce5abf0-8010-4945-8c27-409bc7dae3ab.MOBHFN6YKGBPYJZD.SEARCH&ppt=None&ppn=None&ssid=suzf9hwef40000001773138932529&qH=3373d2d8c3ac1c96&ov_redirect=true,https://rukminim2.flixcart.com/image/312/312/xif0q/mobile/j/7/f/-original-imahft5gfgwpt6pr.jpeg?q=70,Add to Compare,"Apple iPhone 17 (Lavender, 256 GB)",4.6,"data:image/svg+xml;base64,PHN2ZyB4bWxucz0iaHR0cDovL3d3dy53My5vcmcvMjAwMC9zdmciIHdpZHRoPSIxMyIgaGVpZ2h0PSIxMiI+PHBhdGggZmlsbD0iI0ZGRiIgZD0iTTYuNSA5LjQzOWwtMy42NzQgMi4yMy45NC00LjI2LTMuMjEtMi44ODMgNC4yNTQtLjQwNEw2LjUuMTEybDEuNjkgNC4wMSA0LjI1NC40MDQtMy4yMSAyLjg4Mi45NCA0LjI2eiIvPjwvc3ZnPg==","6,431 Ratings",&,331 Reviews,256 GB ROM,16.0 cm (6.3 inch) Super Retina XDR Display,48MP + 48MP | 18MP Front Camera,"A19 Chip, 6 Core Processor Processor",Apple One (1) Year Limited Warranty,,"₹82,900",,,https://static-assets-web.flixcart.com/fk-p-linchpin-web/fk-cp-zion/img/fa_9e47c1.png,Upto,"₹51,100",Off on Exchange,Bank Offer
https://www.flipkart.com/apple-iphone-17-mist-blue-256-gb/p/itm1834df7ee2812?pid=MOBHFN6YWTXZD8SG&lid=LSTMOBHFN6YWTXZD8SGROTZTS&marketplace=FLIPKART&q=best+5g+phones&store=tyy%2F4io&srno=s_1_9&otracker=search&otracker1=search&fm=organic&iid=fce5abf0-8010-4945-8c27-409bc7dae3ab.MOBHFN6YWTXZD8SG.SEARCH&ppt=None&ppn=None&ssid=suzf9hwef40000001773138932529&qH=3373d2d8c3ac1c96&ov_redirect=true,https://rukminim2.flixcart.com/image/312/312/xif0q/mobile/p/x/y/-original-imahft5gkyd8wcqc.jpeg?q=70,Add to Compare,"Apple iPhone 17 (Mist Blue, 256 GB)",4.6,"data:image/svg+xml;base64,PHN2ZyB4bWxucz0iaHR0cDovL3d3dy53My5vcmcvMjAwMC9zdmciIHdpZHRoPSIxMyIgaGVpZ2h0PSIxMiI+PHBhdGggZmlsbD0iI0ZGRiIgZD0iTTYuNSA5LjQzOWwtMy42NzQgMi4yMy45NC00LjI2LTMuMjEtMi44ODMgNC4yNTQtLjQwNEw2LjUuMTEybDEuNjkgNC4wMSA0LjI1NC40MDQtMy4yMSAyLjg4Mi45NCA0LjI2eiIvPjwvc3ZnPg==","6,431 Ratings",&,331 Reviews,256 GB ROM,16.0 cm (6.3 inch) Super Retina XDR Display,48MP + 48MP | 18MP Front Camera,"A19 Chip, 6 Core Processor Processor",Apple One (1) Year Limited Warranty,,"₹82,900",,,https://static-assets-web.flixcart.com/fk-p-linchpin-web/fk-cp-zion/img/fa_9e47c1.png,Upto,"₹51,100",Off on Exchange,Bank Offer
https://www.flipkart.com/samsung-galaxy-s24-5g-snapdragon-cobalt-violet-256-gb/p/itm0e4552c03ca7c?pid=MOBHDVFKKYGS2K9T&lid=LSTMOBHDVFKKYGS2K9TLJAFPP&marketplace=FLIPKART&q=best+5g+phones&store=tyy%2F4io&srno=s_1_10&otracker=search&otracker1=search&fm=organic&iid=fce5abf0-8010-4945-8c27-409bc7dae3ab.MOBHDVFKKYGS2K9T.SEARCH&ppt=None&ppn=None&ssid=suzf9hwef40000001773138932529&qH=3373d2d8c3ac1c96&ov_redirect=true,https://rukminim2.flixcart.com/image/312/312/xif0q/mobile/a/8/s/-original-imahfz2tvjqak9v3.jpeg?q=70,Add to Compare,"Samsung Galaxy S24 5G Snapdragon (Cobalt Violet, 256 GB)",4.6,"data:image/svg+xml;base64,PHN2ZyB4bWxucz0iaHR0cDovL3d3dy53My5vcmcvMjAwMC9zdmciIHdpZHRoPSIxMyIgaGVpZ2h0PSIxMiI+PHBhdGggZmlsbD0iI0ZGRiIgZD0iTTYuNSA5LjQzOWwtMy42NzQgMi4yMy45NC00LjI2LTMuMjEtMi44ODMgNC4yNTQtLjQwNEw2LjUuMTEybDEuNjkgNC4wMSA0LjI1NC40MDQtMy4yMSAyLjg4Mi45NCA0LjI2eiIvPjwvc3ZnPg==","57,691 Ratings",&,"3,452 Reviews",8 GB RAM | 256 GB ROM,15.75 cm (6.2 inch) Full HD+ Display,50MP + 12MP | 12MP Front Camera,4000 mAh Battery,8 Gen 3 Processor,1 Year Manufacturer Warranty for Device and 6 Months for In-Box Accessories,"₹47,999","₹79,999",40% off,https://static-assets-web.flixcart.com/fk-p-linchpin-web/fk-cp-zion/img/fa_9e47c1.png,Only 1 left,Upto,"₹39,550",Off on Exchange
https://www.flipkart.com/motorola-edge-70-fusion-pantone-silhouette-256-gb/p/itm4435611251e9b?pid=MOBHJ7TXQGMFR7D9&lid=LSTMOBHJ7TXQGMFR7D9SD24SW&marketplace=FLIPKART&q=best+5g+phones&store=tyy%2F4io&srno=s_1_11&otracker=search&otracker1=search&fm=organic&iid=en_fgcalhnaEB5Z4sWGV34_DtvVmTKp-HrygU0kBe_9fqg8GRLakJWcQYlSmYWiHNmHc20FEDD9LcitnA6UUhGIzR7zrT4gkWAkPCdPBnPCejA%3D&ppt=None&ppn=None&ssid=suzf9hwef40000001773138932529&qH=3373d2d8c3ac1c96&ov_redirect=true,https://rukminim2.flixcart.com/image/312/312/xif0q/mobile/k/8/b/-original-imahha4yffqynu9x.jpeg?q=70,Add to Compare,"MOTOROLA Edge 70 Fusion (Pantone SILHOUETTE, 256 GB)",4.4,"data:image/svg+xml;base64,PHN2ZyB4bWxucz0iaHR0cDovL3d3dy53My5vcmcvMjAwMC9zdmciIHdpZHRoPSIxMyIgaGVpZ2h0PSIxMiI+PHBhdGggZmlsbD0iI0ZGRiIgZD0iTTYuNSA5LjQzOWwtMy42NzQgMi4yMy45NC00LjI2LTMuMjEtMi44ODMgNC4yNTQtLjQwNEw2LjUuMTEybDEuNjkgNC4wMSA0LjI1NC40MDQtMy4yMSAyLjg4Mi45NCA0LjI2eiIvPjwvc3ZnPg==",40 Ratings,&,2 Reviews,12 GB RAM | 256 GB ROM,17.27 cm (6.8 inch) Super HD Display,50MP + 13MP | 32MP Front Camera,7000 mAh Battery,Snapdragon 7s Gen 4 Processor,1 Year on Handset and 6 Months on Accessories,"₹32,999","₹49,999",34% off,https://static-assets-web.flixcart.com/fk-p-linchpin-web/fk-cp-zion/img/fa_9e47c1.png,,,,
https://www.flipkart.com/samsung-galaxy-s24-5g-snapdragon-onyx-black-256-gb/p/itm0eb31619428e4?pid=MOBHDVFKVGGGHBDX&lid=LSTMOBHDVFKVGGGHBDX8KNAAD&marketplace=FLIPKART&q=best+5g+phones&store=tyy%2F4io&srno=s_1_12&otracker=search&otracker1=search&fm=organic&iid=fce5abf0-8010-4945-8c27-409bc7dae3ab.MOBHDVFKVGGGHBDX.SEARCH&ppt=None&ppn=None&ssid=suzf9hwef40000001773138932529&qH=3373d2d8c3ac1c96&ov_redirect=true,https://rukminim2.flixcart.com/image/312/312/xif0q/mobile/r/8/1/-original-imahfz2tenzpsd3p.jpeg?q=70,Add to Compare,"Samsung Galaxy S24 5G Snapdragon (Onyx Black, 256 GB)",4.6,"data:image/svg+xml;base64,PHN2ZyB4bWxucz0iaHR0cDovL3d3dy53My5vcmcvMjAwMC9zdmciIHdpZHRoPSIxMyIgaGVpZ2h0PSIxMiI+PHBhdGggZmlsbD0iI0ZGRiIgZD0iTTYuNSA5LjQzOWwtMy42NzQgMi4yMy45NC00LjI2LTMuMjEtMi44ODMgNC4yNTQtLjQwNEw2LjUuMTEybDEuNjkgNC4wMSA0LjI1NC40MDQtMy4yMSAyLjg4Mi45NCA0LjI2eiIvPjwvc3ZnPg==","57,691 Ratings",&,"3,452 Reviews",8 GB RAM | 256 GB ROM,15.75 cm (6.2 inch) Full HD+ Display,50MP + 12MP | 12MP Front Camera,4000 mAh Battery,8 Gen 3 Processor,1 Year Manufacturer Warranty for Device and 6 Months for In-Box Accessories,"₹47,999","₹79,999",40% off,https://static-assets-web.flixcart.com/fk-p-linchpin-web/fk-cp-zion/img/fa_9e47c1.png,Upto,"₹39,550",Off on Exchange,Bank Offer
https://www.flipkart.com/apple-iphone-16-teal-128-gb/p/itmce4bb3f55cc2f?pid=MOBH4DQFSY9ETDUU&lid=LSTMOBH4DQFSY9ETDUU6JV9DJ&marketplace=FLIPKART&q=best+5g+phones&store=tyy%2F4io&spotlightTagId=default_BestsellerId_tyy%2F4io&srno=s_1_13&otracker=search&otracker1=search&fm=organic&iid=fce5abf0-8010-4945-8c27-409bc7dae3ab.MOBH4DQFSY9ETDUU.SEARCH&ppt=None&ppn=None&ssid=suzf9hwef40000001773138932529&qH=3373d2d8c3ac1c96&ov_redirect=true,https://rukminim2.flixcart.com/image/312/312/xif0q/mobile/o/l/2/-original-imahgfmzvanpgncf.jpeg?q=70,Add to Compare,"Apple iPhone 16 (Teal, 128 GB)",4.6,"data:image/svg+xml;base64,PHN2ZyB4bWxucz0iaHR0cDovL3d3dy53My5vcmcvMjAwMC9zdmciIHdpZHRoPSIxMyIgaGVpZ2h0PSIxMiI+PHBhdGggZmlsbD0iI0ZGRiIgZD0iTTYuNSA5LjQzOWwtMy42NzQgMi4yMy45NC00LjI2LTMuMjEtMi44ODMgNC4yNTQtLjQwNEw2LjUuMTEybDEuNjkgNC4wMSA0LjI1NC40MDQtMy4yMSAyLjg4Mi45NCA0LjI2eiIvPjwvc3ZnPg==","2,13,744 Ratings",&,"6,869 Reviews",128 GB ROM,15.49 cm (6.1 inch) Super Retina XDR Display,48MP + 12MP | 12MP Front Camera,"A18 Chip, 6 Core Processor Processor",1 year warranty for phone and 1 year warranty for in Box Accessories.,,"₹64,900","₹69,900",7% off,https://static-assets-web.flixcart.com/fk-p-linchpin-web/fk-cp-zion/img/fa_9e47c1.png,Upto,"₹51,100",Off on Exchange,Bank Offer
https://www.flipkart.com/apple-iphone-16-black-128-gb/p/itmb07d67f995271?pid=MOBH4DQFG8NKFRDY&lid=LSTMOBH4DQFG8NKFRDYNBDOZI&marketplace=FLIPKART&q=best+5g+phones&store=tyy%2F4io&srno=s_1_14&otracker=search&otracker1=search&fm=organic&iid=fce5abf0-8010-4945-8c27-409bc7dae3ab.MOBH4DQFG8NKFRDY.SEARCH&ppt=None&ppn=None&ssid=suzf9hwef40000001773138932529&qH=3373d2d8c3ac1c96&ov_redirect=true,https://rukminim2.flixcart.com/image/312/312/xif0q/mobile/n/q/h/-original-imahgfmzjj8gtqbc.jpeg?q=70,Add to Compare,"Apple iPhone 16 (Black, 128 GB)",4.6,"data:image/svg+xml;base64,PHN2ZyB4bWxucz0iaHR0cDovL3d3dy53My5vcmcvMjAwMC9zdmciIHdpZHRoPSIxMyIgaGVpZ2h0PSIxMiI+PHBhdGggZmlsbD0iI0ZGRiIgZD0iTTYuNSA5LjQzOWwtMy42NzQgMi4yMy45NC00LjI2LTMuMjEtMi44ODMgNC4yNTQtLjQwNEw2LjUuMTEybDEuNjkgNC4wMSA0LjI1NC40MDQtMy4yMSAyLjg4Mi45NCA0LjI2eiIvPjwvc3ZnPg==","2,13,744 Ratings",&,"6,869 Reviews",128 GB ROM,15.49 cm (6.1 inch) Super Retina XDR Display,48MP + 12MP | 12MP Front Camera,"A18 Chip, 6 Core Processor Processor",1 year warranty for phone and 1 year warranty for in Box Accessories.,,"₹64,900","₹69,900",7% off,https://static-assets-web.flixcart.com/fk-p-linchpin-web/fk-cp-zion/img/fa_9e47c1.png,Upto,"₹51,100",Off on Exchange,Bank Offer
https://www.flipkart.com/vivo-t4-ultra-5g-meteor-grey-512-gb/p/itm9cfd8118c9ce0?pid=MOBHCJMRFM6V4DPC&lid=LSTMOBHCJMRFM6V4DPCS1L3HF&marketplace=FLIPKART&q=best+5g+phones&store=tyy%2F4io&srno=s_1_15&otracker=search&otracker1=search&fm=organic&iid=fce5abf0-8010-4945-8c27-409bc7dae3ab.MOBHCJMRFM6V4DPC.SEARCH&ppt=None&ppn=None&ssid=suzf9hwef40000001773138932529&qH=3373d2d8c3ac1c96&ov_redirect=true,https://rukminim2.flixcart.com/image/312/312/xif0q/mobile/w/f/w/-original-imahd57gfqezxezx.jpeg?q=70,Add to Compare,"vivo T4 Ultra 5G (Meteor Grey, 512 GB)",4.5,"data:image/svg+xml;base64,PHN2ZyB4bWxucz0iaHR0cDovL3d3dy53My5vcmcvMjAwMC9zdmciIHdpZHRoPSIxMyIgaGVpZ2h0PSIxMiI+PHBhdGggZmlsbD0iI0ZGRiIgZD0iTTYuNSA5LjQzOWwtMy42NzQgMi4yMy45NC00LjI2LTMuMjEtMi44ODMgNC4yNTQtLjQwNEw2LjUuMTEybDEuNjkgNC4wMSA0LjI1NC40MDQtMy4yMSAyLjg4Mi45NCA0LjI2eiIvPjwvc3ZnPg==","4,181 Ratings",&,380 Reviews,12 GB RAM | 512 GB ROM,16.94 cm (6.67 inch) Full HD+ AMOLED Display,50MP + 8MP + 50MP Periscope | 32MP Front Camera,5500 mAh Battery,Dimensity 9300+ Processor,1 Year Warranty on the Product and 6 Months Warranty on Inbox Accessories,"₹39,999","₹44,999",11% off,https://static-assets-web.flixcart.com/fk-p-linchpin-web/fk-cp-zion/img/fa_9e47c1.png,Upto,"₹32,900",Off on Exchange,Bank Offer
https://www.flipkart.com/apple-iphone-17-sage-256-gb/p/itmcfa57eff7729c?pid=MOBHFN6YNAG4ZTHS&lid=LSTMOBHFN6YNAG4ZTHSWUQQUI&marketplace=FLIPKART&q=best+5g+phones&store=tyy%2F4io&srno=s_1_16&otracker=search&otracker1=search&fm=organic&iid=fce5abf0-8010-4945-8c27-409bc7dae3ab.MOBHFN6YNAG4ZTHS.SEARCH&ppt=None&ppn=None&ssid=suzf9hwef40000001773138932529&qH=3373d2d8c3ac1c96&ov_redirect=true,https://rukminim2.flixcart.com/image/312/312/xif0q/mobile/n/v/e/-original-imahft5gfchxyewy.jpeg?q=70,Add to Compare,"Apple iPhone 17 (Sage, 256 GB)",4.6,"data:image/svg+xml;base64,PHN2ZyB4bWxucz0iaHR0cDovL3d3dy53My5vcmcvMjAwMC9zdmciIHdpZHRoPSIxMyIgaGVpZ2h0PSIxMiI+PHBhdGggZmlsbD0iI0ZGRiIgZD0iTTYuNSA5LjQzOWwtMy42NzQgMi4yMy45NC00LjI2LTMuMjEtMi44ODMgNC4yNTQtLjQwNEw2LjUuMTEybDEuNjkgNC4wMSA0LjI1NC40MDQtMy4yMSAyLjg4Mi45NCA0LjI2eiIvPjwvc3ZnPg==","6,431 Ratings",&,331 Reviews,256 GB ROM,16.0 cm (6.3 inch) Super Retina XDR Display,48MP + 48MP | 18MP Front Camera,"A19 Chip, 6 Core Processor Processor",Apple One (1) Year Limited Warranty,,"₹82,900",,,https://static-assets-web.flixcart.com/fk-p-linchpin-web/fk-cp-zion/img/fa_9e47c1.png,Upto,"₹51,100",Off on Exchange,Bank Offer
https://www.flipkart.com/samsung-galaxy-s25-plus-5g-navy-256-gb/p/itm5d4bdb068f418?pid=MOBH8K8UFKWSTMHA&lid=LSTMOBH8K8UFKWSTMHA03MBZS&marketplace=FLIPKART&q=best+5g+phones&store=tyy%2F4io&srno=s_1_17&otracker=search&otracker1=search&fm=organic&iid=fce5abf0-8010-4945-8c27-409bc7dae3ab.MOBH8K8UFKWSTMHA.SEARCH&ppt=None&ppn=None&ssid=suzf9hwef40000001773138932529&qH=3373d2d8c3ac1c96&ov_redirect=true,https://rukminim2.flixcart.com/image/312/312/xif0q/mobile/r/d/0/-original-imahfvuaphhgxtf7.jpeg?q=70,Add to Compare,"Samsung Galaxy S25 Plus 5G (Navy, 256 GB)",4.6,"data:image/svg+xml;base64,PHN2ZyB4bWxucz0iaHR0cDovL3d3dy53My5vcmcvMjAwMC9zdmciIHdpZHRoPSIxMyIgaGVpZ2h0PSIxMiI+PHBhdGggZmlsbD0iI0ZGRiIgZD0iTTYuNSA5LjQzOWwtMy42NzQgMi4yMy45NC00LjI2LTMuMjEtMi44ODMgNC4yNTQtLjQwNEw2LjUuMTEybDEuNjkgNC4wMSA0LjI1NC40MDQtMy4yMSAyLjg4Mi45NCA0LjI2eiIvPjwvc3ZnPg==",407 Ratings,&,49 Reviews,12 GB RAM | 256 GB ROM,17.02 cm (6.7 inch) Quad HD+ Display,50MP + 10MP + 12MP | 12MP Front Camera,4900 mAh Battery,8 Elite for Galaxy Processor,1 Year Manufacturer Warranty for Device and 6 Months for In-Box Accessories,"₹74,999","₹99,999",25% off,https://static-assets-web.flixcart.com/fk-p-linchpin-web/fk-cp-zion/img/fa_9e47c1.png,Hot Deal,Upto,"₹51,100",Off on Exchange
https://www.flipkart.com/samsung-galaxy-s23-5g-phantom-black-256-gb/p/itm347e695feffe7?pid=MOBGMFFXPNSHBGRC&lid=LSTMOBGMFFXPNSHBGRCRHUPXG&marketplace=FLIPKART&q=best+5g+phones&store=tyy%2F4io&srno=s_1_18&otracker=search&otracker1=search&fm=organic&iid=fce5abf0-8010-4945-8c27-409bc7dae3ab.MOBGMFFXPNSHBGRC.SEARCH&ppt=None&ppn=None&ssid=suzf9hwef40000001773138932529&qH=3373d2d8c3ac1c96&ov_redirect=true,https://rukminim2.flixcart.com/image/312/312/xif0q/mobile/t/0/g/-original-imah4zp7fvqp8wev.jpeg?q=70,Add to Compare,"Samsung Galaxy S23 5G (Phantom Black, 256 GB)",4.6,"data:image/svg+xml;base64,PHN2ZyB4bWxucz0iaHR0cDovL3d3dy53My5vcmcvMjAwMC9zdmciIHdpZHRoPSIxMyIgaGVpZ2h0PSIxMiI+PHBhdGggZmlsbD0iI0ZGRiIgZD0iTTYuNSA5LjQzOWwtMy42NzQgMi4yMy45NC00LjI2LTMuMjEtMi44ODMgNC4yNTQtLjQwNEw2LjUuMTEybDEuNjkgNC4wMSA0LjI1NC40MDQtMy4yMSAyLjg4Mi45NCA0LjI2eiIvPjwvc3ZnPg==","82,496 Ratings",&,"5,577 Reviews",8 GB RAM | 256 GB ROM,15.49 cm (6.1 inch) Full HD+ Display,50MP + 10MP + 12MP | 12MP Front Camera,3900 mAh Lithium Ion Battery,Qualcomm Snapdragon 8 Gen 2 Processor,1 Year Manufacturer Warranty for Device and 6 Months Manufacturer Warranty for In-Box Accessories,"₹79,499","₹95,999",17% off,https://static-assets-web.flixcart.com/fk-p-linchpin-web/fk-cp-zion/img/fa_9e47c1.png,Only 4 left,Bank Offer,,
https://www.flipkart.com/samsung-galaxy-s24-fe-5g-graphite-128-gb/p/itme960199e26f23?pid=MOBH4ZG33EBNZKS7&lid=LSTMOBH4ZG33EBNZKS751CITE&marketplace=FLIPKART&q=best+5g+phones&store=tyy%2F4io&srno=s_1_19&otracker=search&otracker1=search&fm=organic&iid=fce5abf0-8010-4945-8c27-409bc7dae3ab.MOBH4ZG33EBNZKS7.SEARCH&ppt=None&ppn=None&ssid=suzf9hwef40000001773138932529&qH=3373d2d8c3ac1c96&ov_redirect=true,https://rukminim2.flixcart.com/image/312/312/xif0q/mobile/g/d/g/-original-imahfw4ahckefvxe.jpeg?q=70,Add to Compare,"Samsung Galaxy S24 FE 5G (Graphite, 128 GB)",4.5,"data:image/svg+xml;base64,PHN2ZyB4bWxucz0iaHR0cDovL3d3dy53My5vcmcvMjAwMC9zdmciIHdpZHRoPSIxMyIgaGVpZ2h0PSIxMiI+PHBhdGggZmlsbD0iI0ZGRiIgZD0iTTYuNSA5LjQzOWwtMy42NzQgMi4yMy45NC00LjI2LTMuMjEtMi44ODMgNC4yNTQtLjQwNEw2LjUuMTEybDEuNjkgNC4wMSA0LjI1NC40MDQtMy4yMSAyLjg4Mi45NCA0LjI2eiIvPjwvc3ZnPg==","79,654 Ratings",&,"5,303 Reviews",8 GB RAM | 128 GB ROM,17.02 cm (6.7 inch) Full HD+ Display,50MP + 12MP + 8MP | 10MP Front Camera,4700 mAh Battery,Exynos 2400e Processor,1 Year Manufacturer Warranty for Device and 6 Months for In-Box Accessories,"₹39,999","₹59,999",33% off,https://static-assets-web.flixcart.com/fk-p-linchpin-web/fk-cp-zion/img/fa_9e47c1.png,Upto,"₹32,900",Off on Exchange,Bank Offer
https://www.flipkart.com/vivo-v70-elite-passion-red-256-gb/p/itmf8e28e33a9cd0?pid=MOBHK7E7Y7KFSGGQ&lid=LSTMOBHK7E7Y7KFSGGQBMLHFU&marketplace=FLIPKART&q=best+5g+phones&store=tyy%2F4io&srno=s_1_20&otracker=search&otracker1=search&fm=organic&iid=fce5abf0-8010-4945-8c27-409bc7dae3ab.MOBHK7E7Y7KFSGGQ.SEARCH&ppt=None&ppn=None&ssid=suzf9hwef40000001773138932529&qH=3373d2d8c3ac1c96&ov_redirect=true,https://rukminim2.flixcart.com/image/312/312/xif0q/mobile/9/c/l/-original-imahktczgdwxmxzj.jpeg?q=70,Add to Compare,"vivo V70 Elite (Passion Red, 256 GB)",4.6,"data:image/svg+xml;base64,PHN2ZyB4bWxucz0iaHR0cDovL3d3dy53My5vcmcvMjAwMC9zdmciIHdpZHRoPSIxMyIgaGVpZ2h0PSIxMiI+PHBhdGggZmlsbD0iI0ZGRiIgZD0iTTYuNSA5LjQzOWwtMy42NzQgMi4yMy45NC00LjI2LTMuMjEtMi44ODMgNC4yNTQtLjQwNEw2LjUuMTEybDEuNjkgNC4wMSA0LjI1NC40MDQtMy4yMSAyLjg4Mi45NCA0LjI2eiIvPjwvc3ZnPg==",113 Ratings,&,17 Reviews,8 GB RAM | 256 GB ROM,16.74 cm (6.59 inches) Full HD+ AMOLED Display,50MP + 50MP + 8MP | Yes,6500 mAh Li-ion battery Battery,Snapdragon 8s Gen 3 Processor,1 Year Warranty on Handset and 6 Months Warranty on Accessories,"₹51,999","₹54,999",5% off,https://static-assets-web.flixcart.com/fk-p-linchpin-web/fk-cp-zion/img/fa_9e47c1.png,Upto,"₹42,900",Off on Exchange,Bank Offer
https://www.flipkart.com/apple-iphone-17-white-256-gb/p/itmf98e89534d806?pid=MOBHFN6YTSH3QRCZ&lid=LSTMOBHFN6YTSH3QRCZYMRV03&marketplace=FLIPKART&q=best+5g+phones&store=tyy%2F4io&srno=s_1_21&otracker=search&otracker1=search&fm=organic&iid=fce5abf0-8010-4945-8c27-409bc7dae3ab.MOBHFN6YTSH3QRCZ.SEARCH&ppt=None&ppn=None&ssid=suzf9hwef40000001773138932529&qH=3373d2d8c3ac1c96&ov_redirect=true,https://rukminim2.flixcart.com/image/312/312/xif0q/mobile/c/e/5/-original-imahft5g9uthykuh.jpeg?q=70,Add to Compare,"Apple iPhone 17 (White, 256 GB)",4.6,"data:image/svg+xml;base64,PHN2ZyB4bWxucz0iaHR0cDovL3d3dy53My5vcmcvMjAwMC9zdmciIHdpZHRoPSIxMyIgaGVpZ2h0PSIxMiI+PHBhdGggZmlsbD0iI0ZGRiIgZD0iTTYuNSA5LjQzOWwtMy42NzQgMi4yMy45NC00LjI2LTMuMjEtMi44ODMgNC4yNTQtLjQwNEw2LjUuMTEybDEuNjkgNC4wMSA0LjI1NC40MDQtMy4yMSAyLjg4Mi45NCA0LjI2eiIvPjwvc3ZnPg==","6,431 Ratings",&,331 Reviews,256 GB ROM,16.0 cm (6.3 inch) Super Retina XDR Display,48MP + 48MP | 18MP Front Camera,"A19 Chip, 6 Core Processor Processor",Apple One (1) Year Limited Warranty,,"₹82,900",,,https://static-assets-web.flixcart.com/fk-p-linchpin-web/fk-cp-zion/img/fa_9e47c1.png,Upto,"₹51,100",Off on Exchange,Bank Offer
https://www.flipkart.com/samsung-galaxy-z-flip5-mint-256-gb/p/itm3038611e95123?pid=MOBGRS32NXYPBYMB&lid=LSTMOBGRS32NXYPBYMBPT1XRM&marketplace=FLIPKART&q=best+5g+phones&store=tyy%2F4io&srno=s_1_22&otracker=search&otracker1=search&fm=organic&iid=fce5abf0-8010-4945-8c27-409bc7dae3ab.MOBGRS32NXYPBYMB.SEARCH&ppt=None&ppn=None&ssid=suzf9hwef40000001773138932529&qH=3373d2d8c3ac1c96&ov_redirect=true,https://rukminim2.flixcart.com/image/312/312/xif0q/mobile/2/j/d/-original-imagztmgzp8ewjhn.jpeg?q=70,Add to Compare,"Samsung Galaxy Z Flip5 (Mint, 256 GB)",4.4,"data:image/svg+xml;base64,PHN2ZyB4bWxucz0iaHR0cDovL3d3dy53My5vcmcvMjAwMC9zdmciIHdpZHRoPSIxMyIgaGVpZ2h0PSIxMiI+PHBhdGggZmlsbD0iI0ZGRiIgZD0iTTYuNSA5LjQzOWwtMy42NzQgMi4yMy45NC00LjI2LTMuMjEtMi44ODMgNC4yNTQtLjQwNEw2LjUuMTEybDEuNjkgNC4wMSA0LjI1NC40MDQtMy4yMSAyLjg4Mi45NCA0LjI2eiIvPjwvc3ZnPg==",869 Ratings,&,51 Reviews,8 GB RAM | 256 GB ROM,17.02 cm (6.7 inch) Display,12MP + 12MP | 10MP Front Camera,3700 mAh Battery,Snapdragon 8 Gen 2 Processor,1 Year Manufacturer Warranty for Device and 6 Months Manufacturer Warranty for In-Box Accessories,"₹61,999","₹1,02,999",39% off,https://static-assets-web.flixcart.com/fk-p-linchpin-web/fk-cp-zion/img/fa_9e47c1.png,Only 4 left,Upto,"₹51,100",Off on Exchange
https://www.flipkart.com/apple-iphone-16-ultramarine-128-gb/p/itmcc210cae43fba?pid=MOBH4DQFYZT6EH2F&lid=LSTMOBH4DQFYZT6EH2FXM70WU&marketplace=FLIPKART&q=best+5g+phones&store=tyy%2F4io&srno=s_1_23&otracker=search&otracker1=search&fm=organic&iid=fce5abf0-8010-4945-8c27-409bc7dae3ab.MOBH4DQFYZT6EH2F.SEARCH&ppt=None&ppn=None&ssid=suzf9hwef40000001773138932529&qH=3373d2d8c3ac1c96&ov_redirect=true,https://rukminim2.flixcart.com/image/312/312/xif0q/mobile/g/l/q/-original-imahgfmzdbnzzjjg.jpeg?q=70,Add to Compare,"Apple iPhone 16 (Ultramarine, 128 GB)",4.6,"data:image/svg+xml;base64,PHN2ZyB4bWxucz0iaHR0cDovL3d3dy53My5vcmcvMjAwMC9zdmciIHdpZHRoPSIxMyIgaGVpZ2h0PSIxMiI+PHBhdGggZmlsbD0iI0ZGRiIgZD0iTTYuNSA5LjQzOWwtMy42NzQgMi4yMy45NC00LjI2LTMuMjEtMi44ODMgNC4yNTQtLjQwNEw2LjUuMTEybDEuNjkgNC4wMSA0LjI1NC40MDQtMy4yMSAyLjg4Mi45NCA0LjI2eiIvPjwvc3ZnPg==","2,13,744 Ratings",&,"6,869 Reviews",128 GB ROM,15.49 cm (6.1 inch) Super Retina XDR Display,48MP + 12MP | 12MP Front Camera,"A18 Chip, 6 Core Processor Processor",1 year warranty for phone and 1 year warranty for in Box Accessories.,,"₹64,900","₹69,900",7% off,https://static-assets-web.flixcart.com/fk-p-linchpin-web/fk-cp-zion/img/fa_9e47c1.png,Upto,"₹51,100",Off on Exchange,Bank Offer
https://www.flipkart.com/oneplus-12-glacial-white-256-gb/p/itm7069fb212f1f2?pid=MOBHFHKFG7MEZJH3&lid=LSTMOBHFHKFG7MEZJH34QFP4M&marketplace=FLIPKART&q=best+5g+phones&store=tyy%2F4io&srno=s_1_24&otracker=search&otracker1=search&fm=organic&iid=fce5abf0-8010-4945-8c27-409bc7dae3ab.MOBHFHKFG7MEZJH3.SEARCH&ppt=None&ppn=None&ssid=suzf9hwef40000001773138932529&qH=3373d2d8c3ac1c96&ov_redirect=true,https://rukminim2.flixcart.com/image/312/312/xif0q/mobile/v/g/m/12-cph2573-oneplus-original-imahk47dwgquvv8z.jpeg?q=70,Add to Compare,"OnePlus 12 (Glacial White, 256 GB)",4.6,"data:image/svg+xml;base64,PHN2ZyB4bWxucz0iaHR0cDovL3d3dy53My5vcmcvMjAwMC9zdmciIHdpZHRoPSIxMyIgaGVpZ2h0PSIxMiI+PHBhdGggZmlsbD0iI0ZGRiIgZD0iTTYuNSA5LjQzOWwtMy42NzQgMi4yMy45NC00LjI2LTMuMjEtMi44ODMgNC4yNTQtLjQwNEw2LjUuMTEybDEuNjkgNC4wMSA0LjI1NC40MDQtMy4yMSAyLjg4Mi45NCA0LjI2eiIvPjwvc3ZnPg==","1,536 Ratings",&,119 Reviews,12 GB RAM | 256 GB ROM,17.32 cm (6.82 inch) Full HD+ AMOLED Display,50MP Rear Camera,5400 mAh Battery,Qualcomm SM8650-AB Snapdragon 8 Gen 3 (4 nm) Processor,1 Year manufacturer warranty for device and 1 year manufacturer warranty for in-box accessories including batteries from the date of purchase,"₹46,999","₹64,999",27% off,https://static-assets-web.flixcart.com/fk-p-linchpin-web/fk-cp-zion/img/fa_9e47c1.png,Only few left,Bank Offer,,
